sample_uid,observation_uid,tag_id,camera_role,measured_distance_m,predicted_distance_m,distance_residual_m,normalized_distance_residual,measured_angle_deg,predicted_angle_deg,angle_residual_deg,normalized_angle_residual,yaw_used,measured_yaw_deg,predicted_yaw_deg,yaw_residual_deg,normalized_yaw_residual,combined_score,rejected,rejection_reason
main29_s001,main29_s001_o004,38,front,4.09,4.167902285507056,0.07790228550705613,1.5580457101411227,-21.9,-21.780924589369533,0.11907541063047233,0.03969180354349078,True,16.4,8.373685029826447,-8.026314970173559,-2.675438323391186,1.7876476252725657,True,worst_normalized_residual
main29_s004,main29_s004_o022,47,front,4.306,4.185732117501374,-0.1202678824986263,-2.405357649972526,-5.5,-3.6178342470423104,1.8821657529576896,0.6273885843192298,True,-16.1,-22.32033938742211,-6.220339387422115,-2.0734464624740383,1.8689160934225613,True,worst_normalized_residual
main29_s013,main29_s013_o084,40,front,4.486,4.551100416516681,0.06510041651668086,1.3020083303336172,-25.2,-28.528020152257625,-3.3280201522576363,-0.7844218725289537,True,41.5,36.27060458763839,-5.229395412361612,-1.2325803191955726,1.1298668962357503,True,worst_normalized_residual
main29_s022,main29_s022_o138,55,front,2.353,2.3622072456639702,0.00920724566397002,0.1841449132794004,24.9,23.41021612097495,-1.4897838790250546,-0.4965946263416849,True,-24.4,-16.597153302557217,7.802846697442789,2.600948899147596,1.532476291059148,True,worst_normalized_residual
main29_s025,main29_s025_o155,55,front,3.229,3.221721273684348,-0.007278726315651962,-0.14557452631303924,-6.6,-5.3679796481989115,1.2320203518010828,0.4106734506003609,True,38.9,44.601439561469704,5.701439561469698,1.9004798538232326,1.1257098946186872,True,worst_normalized_residual
repeat10_s006,repeat10_s006_o037,40,front,4.465,4.556902692279366,0.09190269227936643,1.8380538455873285,-25.9,-29.840914652050174,-3.940914652050168,-0.9288824915140325,True,42.7,35.418958709123814,-7.281041290876203,-1.7161578902926058,1.5477362530195782,True,worst_normalized_residual
