{
  "pass1_solver3": {
    "sample_count_total": 39,
    "solver_success_count": 39,
    "solver_failure_count": 0,
    "solver_success_rate": 1.0,
    "position_coverage_count": 39,
    "position_coverage_rate": 1.0,
    "heading_coverage_count": 39,
    "heading_coverage_rate": 1.0,
    "position_mean_error_m": 0.04223053440478594,
    "position_median_error_m": 0.03879504916850857,
    "position_p90_error_m": 0.07200329330718738,
    "position_p95_error_m": 0.07422565966920235,
    "position_max_error_m": 0.11427054170269618,
    "position_within_5cm_rate": 0.6666666666666666,
    "position_within_10cm_rate": 0.9743589743589743,
    "position_within_20cm_rate": 1.0,
    "heading_mean_abs_error_deg": 1.1267474840822707,
    "heading_median_abs_error_deg": 0.83746109187922,
    "heading_p90_abs_error_deg": 2.0741747959150985,
    "heading_p95_abs_error_deg": 3.385801035393797,
    "heading_max_abs_error_deg": 4.877939540716881,
    "heading_within_5deg_rate": 1.0,
    "heading_within_10deg_rate": 1.0,
    "heading_within_20deg_rate": 1.0,
    "joint_within_10cm_10deg_rate": 0.9743589743589743,
    "joint_within_20cm_20deg_rate": 1.0
  },
  "final_solver4": {
    "sample_count_total": 39,
    "solver_success_count": 39,
    "solver_failure_count": 0,
    "solver_success_rate": 1.0,
    "position_coverage_count": 39,
    "position_coverage_rate": 1.0,
    "heading_coverage_count": 39,
    "heading_coverage_rate": 1.0,
    "position_mean_error_m": 0.0401395488006835,
    "position_median_error_m": 0.03669010838149788,
    "position_p90_error_m": 0.06974217011889072,
    "position_p95_error_m": 0.07407551106525607,
    "position_max_error_m": 0.07422565966920235,
    "position_within_5cm_rate": 0.6666666666666666,
    "position_within_10cm_rate": 1.0,
    "position_within_20cm_rate": 1.0,
    "heading_mean_abs_error_deg": 1.1398651632196266,
    "heading_median_abs_error_deg": 0.83746109187922,
    "heading_p90_abs_error_deg": 2.0741747959150985,
    "heading_p95_abs_error_deg": 3.385801035393797,
    "heading_max_abs_error_deg": 4.877939540716881,
    "heading_within_5deg_rate": 1.0,
    "heading_within_10deg_rate": 1.0,
    "heading_within_20deg_rate": 1.0,
    "joint_within_10cm_10deg_rate": 1.0,
    "joint_within_20cm_20deg_rate": 1.0
  },
  "rejected_sample_count": 6,
  "total_rejected_observations": 6
}