{
  "sample_count_total": 39,
  "solver_success_count": 39,
  "solver_failure_count": 0,
  "solver_success_rate": 1.0,
  "position_coverage_count": 39,
  "position_coverage_rate": 1.0,
  "heading_coverage_count": 39,
  "heading_coverage_rate": 1.0,
  "position_mean_error_m": 0.08113045915859922,
  "position_median_error_m": 0.0632937161099021,
  "position_p90_error_m": 0.15266785857128842,
  "position_p95_error_m": 0.20353061189173216,
  "position_max_error_m": 0.23489101519398156,
  "position_within_5cm_rate": 0.3333333333333333,
  "position_within_10cm_rate": 0.6923076923076923,
  "position_within_20cm_rate": 0.9487179487179487,
  "heading_mean_abs_error_deg": 29.97402543282884,
  "heading_median_abs_error_deg": 13.394047350091114,
  "heading_p90_abs_error_deg": 93.95779365106563,
  "heading_p95_abs_error_deg": 157.67976335427696,
  "heading_max_abs_error_deg": 163.95280283487466,
  "heading_within_5deg_rate": 0.1794871794871795,
  "heading_within_10deg_rate": 0.4358974358974359,
  "heading_within_20deg_rate": 0.6410256410256411,
  "joint_within_10cm_10deg_rate": 0.3076923076923077,
  "joint_within_20cm_20deg_rate": 0.6410256410256411
}