sample_uid,observation_uid,tag_id,camera_role,measured_distance_m,predicted_distance_m,distance_residual_m,normalized_distance_residual,measured_angle_deg,predicted_angle_deg,angle_residual_deg,normalized_angle_residual,yaw_used,measured_yaw_deg,predicted_yaw_deg,yaw_residual_deg,normalized_yaw_residual,combined_score,rejected,rejection_reason
main29_s022,main29_s022_o138,55,front,2.353,2.3622072456639702,0.00920724566397002,0.1841449132794004,24.9,23.41021612097495,-1.4897838790250546,-0.4965946263416849,True,-24.4,-16.597153302557217,7.802846697442789,2.600948899147596,1.532476291059148,True,worst_normalized_residual
main29_s025,main29_s025_o155,55,front,3.229,3.221721273684348,-0.007278726315651962,-0.14557452631303924,-6.6,-5.3679796481989115,1.2320203518010828,0.4106734506003609,True,38.9,44.601439561469704,5.701439561469698,1.9004798538232326,1.1257098946186872,True,worst_normalized_residual
