{
  "sample_count_total": 39,
  "solver_success_count": 39,
  "solver_failure_count": 0,
  "solver_success_rate": 1.0,
  "position_coverage_count": 39,
  "position_coverage_rate": 1.0,
  "heading_coverage_count": 39,
  "heading_coverage_rate": 1.0,
  "position_mean_error_m": 0.038841149468034755,
  "position_median_error_m": 0.03566836492146045,
  "position_p90_error_m": 0.06437956183466043,
  "position_p95_error_m": 0.0673106982311366,
  "position_max_error_m": 0.06816805269338722,
  "position_within_5cm_rate": 0.7948717948717948,
  "position_within_10cm_rate": 1.0,
  "position_within_20cm_rate": 1.0,
  "heading_mean_abs_error_deg": 1.1048261927116305,
  "heading_median_abs_error_deg": 0.7223450173221408,
  "heading_p90_abs_error_deg": 2.1511663872740314,
  "heading_p95_abs_error_deg": 3.390382794481809,
  "heading_max_abs_error_deg": 4.6226216985525355,
  "heading_within_5deg_rate": 1.0,
  "heading_within_10deg_rate": 1.0,
  "heading_within_20deg_rate": 1.0,
  "joint_within_10cm_10deg_rate": 1.0,
  "joint_within_20cm_20deg_rate": 1.0
}