sample_uid,observation_uid,tag_id,camera_role,measured_distance_m,predicted_distance_m,distance_residual_m,normalized_distance_residual,measured_angle_deg,predicted_angle_deg,angle_residual_deg,normalized_angle_residual,yaw_used,measured_yaw_deg,predicted_yaw_deg,yaw_residual_deg,normalized_yaw_residual,combined_score,rejected,rejection_reason
main29_s003,main29_s003_o017,47,front,3.199,3.251011552378691,0.05201155237869104,1.0402310475738208,-29.8,-36.38842748830973,-6.588427488309719,-1.8634887017358621,False,,,,,1.5090842875455528,True,worst_normalized_residual
main29_s004,main29_s004_o022,47,front,4.306,4.187010973081198,-0.11898902691880231,-2.379780538376046,-5.5,-3.763716822244419,1.7362831777555812,0.6945132711022325,True,-16.1,-22.496371036722678,-6.396371036722684,-1.8464732699442834,1.7846724845368913,True,worst_normalized_residual
main29_s013,main29_s013_o084,40,front,4.486,4.555408794462267,0.06940879446226766,1.3881758892453533,-25.2,-28.537555319605985,-3.337555319605997,-0.9440031996314542,True,41.5,36.16330246418923,-5.336697535810771,-1.0893488228587287,1.1554011133599518,True,worst_normalized_residual
main29_s016,main29_s016_o104,35,front,3.147,3.1522226435980802,0.005222643598080445,0.1044528719616089,-27.7,-33.57498193477892,-5.87498193477893,-1.661695826172258,False,,,,,1.1773154677441666,True,worst_normalized_residual
main29_s017,main29_s017_o112,51,front,3.727,3.800686179397985,0.07368617939798527,1.4737235879597055,-26.4,-30.554546065569298,-4.154546065569292,-1.175083078286375,False,,,,,1.3327943304545924,True,worst_normalized_residual
main29_s025,main29_s025_o155,55,front,3.229,3.221499831925698,-0.007500168074301872,-0.15000336148603743,-6.6,-5.304398181223178,1.2956018187768166,0.5182407275107266,True,38.9,44.70160803204362,5.801608032043617,1.6747799795165388,1.0158678457190147,True,worst_normalized_residual
repeat10_s006,repeat10_s006_o037,40,front,4.465,4.558496525148567,0.09349652514856732,1.8699305029713464,-25.9,-29.845463407757393,-3.945463407757387,-1.1159455722194533,True,42.7,35.37112543306375,-7.328874566936236,-1.4960002564879014,1.5253405492447407,True,worst_normalized_residual
repeat10_s008,repeat10_s008_o052,51,front,3.766,3.805534051336015,0.039534051336015175,0.7906810267203035,-27.5,-32.52679702193768,-5.026797021937682,-1.421792904744191,False,,,,,1.1503633230411159,True,worst_normalized_residual
