{
  "sample_count_total": 39,
  "solver_success_count": 39,
  "solver_failure_count": 0,
  "solver_success_rate": 1.0,
  "position_coverage_count": 39,
  "position_coverage_rate": 1.0,
  "heading_coverage_count": 39,
  "heading_coverage_rate": 1.0,
  "position_mean_error_m": 0.03844616303180084,
  "position_median_error_m": 0.034138676932094505,
  "position_p90_error_m": 0.06389957763552485,
  "position_p95_error_m": 0.07241941473213814,
  "position_max_error_m": 0.0726332751583588,
  "position_within_5cm_rate": 0.7692307692307693,
  "position_within_10cm_rate": 1.0,
  "position_within_20cm_rate": 1.0,
  "heading_mean_abs_error_deg": 1.0924440709616716,
  "heading_median_abs_error_deg": 0.8039545725606558,
  "heading_p90_abs_error_deg": 2.4370202929127913,
  "heading_p95_abs_error_deg": 3.422631108817825,
  "heading_max_abs_error_deg": 4.830367090331237,
  "heading_within_5deg_rate": 1.0,
  "heading_within_10deg_rate": 1.0,
  "heading_within_20deg_rate": 1.0,
  "joint_within_10cm_10deg_rate": 1.0,
  "joint_within_20cm_20deg_rate": 1.0
}