{
  "sample_count_total": 39,
  "solver_success_count": 39,
  "solver_failure_count": 0,
  "solver_success_rate": 1.0,
  "position_coverage_count": 39,
  "position_coverage_rate": 1.0,
  "heading_coverage_count": 39,
  "heading_coverage_rate": 1.0,
  "position_mean_error_m": 0.04520390691243523,
  "position_median_error_m": 0.0446170519195207,
  "position_p90_error_m": 0.07314353777993861,
  "position_p95_error_m": 0.07881860269409668,
  "position_max_error_m": 0.08886913405139973,
  "position_within_5cm_rate": 0.6923076923076923,
  "position_within_10cm_rate": 1.0,
  "position_within_20cm_rate": 1.0,
  "heading_mean_abs_error_deg": 1.0968493353572408,
  "heading_median_abs_error_deg": 0.7027545847026886,
  "heading_p90_abs_error_deg": 2.133402025177702,
  "heading_p95_abs_error_deg": 3.422631108271844,
  "heading_max_abs_error_deg": 3.941665983987832,
  "heading_within_5deg_rate": 1.0,
  "heading_within_10deg_rate": 1.0,
  "heading_within_20deg_rate": 1.0,
  "joint_within_10cm_10deg_rate": 1.0,
  "joint_within_20cm_20deg_rate": 1.0
}