x_m,y_m,room,best_heading_deg,backup_heading_deg,best_status,backup_status,best_score,backup_score,best_front_good_count,best_rear_good_count,best_good_total_count,best_effective_good_count,best_geometry_span_deg,best_front_good_tag_ids,best_rear_good_tag_ids,best_all_good_tag_ids,backup_front_good_tag_ids,backup_rear_good_tag_ids,backup_all_good_tag_ids
2.0,2.0,inner,70.0,290.0,GOOD,GOOD,56.648883,52.787045,4,2,6,4.6,212.978,36 37 38 39,44 45,36 37 38 39 44 45,45 46 47 48,39,45 46 47 48 39
2.0,4.0,inner,245.0,85.0,GOOD,MARGINAL,42.213235,36.010642,3,1,4,3.3,184.265,42 45 46,38,42 45 46 38,38 39,45 46,38 39 45 46
6.0,2.0,inner,95.0,250.0,GOOD,GOOD,63.190926,56.847264,5,1,6,5.3,203.819,33 34 35 36 37,50,33 34 35 36 37 50,47 48 49 50,33 34,47 48 49 50 33 34
6.0,4.0,inner,280.0,85.0,GOOD,MARGINAL,42.004568,36.335486,3,1,4,3.3,180.091,49 50 51,35,49 50 51 35,34 35,49 50,34 35 49 50
8.0,2.0,inner,50.0,320.0,GOOD,GOOD,56.362478,52.978189,4,2,6,4.6,207.25,31 32 56 57,49 50,31 32 56 57 49 50,52 53 54 55,35,52 53 54 55 35
8.0,4.0,inner,295.0,325.0,GOOD,GOOD,63.652774,52.924141,5,1,6,5.3,213.055,51 52 54 55 56,33,51 52 54 55 56 33,54 55 56 57,34,54 55 56 57 34
2.0,8.0,outer,290.0,90.0,GOOD,GOOD,67.003581,57.003581,5,2,7,5.6,220.072,16 17 18 19 20,9 12,16 17 18 19 20 9 12,7 8 9 12,16 17,7 8 9 12 16 17
6.0,8.0,outer,95.0,250.0,GOOD,GOOD,63.423279,56.99824,5,1,6,5.3,208.466,3 4 5 6 7,21,3 4 5 6 7 21,18 19 20 21,3 4,18 19 20 21 3 4
9.0,8.0,outer,85.0,245.0,GOOD,GOOD,57.077625,56.84953,4,2,6,4.6,221.552,1 2 3 28,23 24,1 2 3 28 23 24,21 22 23 24,1 28,21 22 23 24 1 28
