{
  "sample_count_total": 39,
  "solver_success_count": 39,
  "solver_failure_count": 0,
  "solver_success_rate": 1.0,
  "position_coverage_count": 39,
  "position_coverage_rate": 1.0,
  "heading_coverage_count": 39,
  "heading_coverage_rate": 1.0,
  "position_mean_error_m": 0.1855109662148271,
  "position_median_error_m": 0.059720098441032675,
  "position_p90_error_m": 0.15253918886364246,
  "position_p95_error_m": 0.15885483364093567,
  "position_max_error_m": 4.66476151587624,
  "position_within_5cm_rate": 0.41025641025641024,
  "position_within_10cm_rate": 0.7692307692307693,
  "position_within_20cm_rate": 0.9743589743589743,
  "heading_mean_abs_error_deg": 33.055430621216,
  "heading_median_abs_error_deg": 13.493182378092342,
  "heading_p90_abs_error_deg": 112.03622440405053,
  "heading_p95_abs_error_deg": 157.67976335427696,
  "heading_max_abs_error_deg": 163.95280283487466,
  "heading_within_5deg_rate": 0.23076923076923078,
  "heading_within_10deg_rate": 0.41025641025641024,
  "heading_within_20deg_rate": 0.6153846153846154,
  "joint_within_10cm_10deg_rate": 0.358974358974359,
  "joint_within_20cm_20deg_rate": 0.6153846153846154
}