{
  "sample_count_total": 39,
  "solver_success_count": 39,
  "solver_failure_count": 0,
  "solver_success_rate": 1.0,
  "position_coverage_count": 39,
  "position_coverage_rate": 1.0,
  "heading_coverage_count": 39,
  "heading_coverage_rate": 1.0,
  "position_mean_error_m": 0.048839021157576115,
  "position_median_error_m": 0.04152463865660122,
  "position_p90_error_m": 0.08221162316040097,
  "position_p95_error_m": 0.1208805462715505,
  "position_max_error_m": 0.12820062109582384,
  "position_within_5cm_rate": 0.6410256410256411,
  "position_within_10cm_rate": 0.9487179487179487,
  "position_within_20cm_rate": 1.0,
  "heading_mean_abs_error_deg": 1.0876882913160573,
  "heading_median_abs_error_deg": 0.7223450173221408,
  "heading_p90_abs_error_deg": 2.1511663872740314,
  "heading_p95_abs_error_deg": 3.390382794481809,
  "heading_max_abs_error_deg": 4.6226216985525355,
  "heading_within_5deg_rate": 1.0,
  "heading_within_10deg_rate": 1.0,
  "heading_within_20deg_rate": 1.0,
  "joint_within_10cm_10deg_rate": 0.9487179487179487,
  "joint_within_20cm_20deg_rate": 1.0
}