{
  "pass1_distance_angle": {
    "sample_count_total": 39,
    "solver_success_count": 39,
    "solver_failure_count": 0,
    "solver_success_rate": 1.0,
    "position_coverage_count": 39,
    "position_coverage_rate": 1.0,
    "heading_coverage_count": 39,
    "heading_coverage_rate": 1.0,
    "position_mean_error_m": 0.04685215299739195,
    "position_median_error_m": 0.041363293563284956,
    "position_p90_error_m": 0.07398010143455182,
    "position_p95_error_m": 0.1072454201276868,
    "position_max_error_m": 0.12784297492994942,
    "position_within_5cm_rate": 0.6410256410256411,
    "position_within_10cm_rate": 0.9487179487179487,
    "position_within_20cm_rate": 1.0,
    "heading_mean_abs_error_deg": 1.088138615512297,
    "heading_median_abs_error_deg": 0.712275740905568,
    "heading_p90_abs_error_deg": 2.0388897291191483,
    "heading_p95_abs_error_deg": 3.4358174264754098,
    "heading_max_abs_error_deg": 4.626559321686528,
    "heading_within_5deg_rate": 1.0,
    "heading_within_10deg_rate": 1.0,
    "heading_within_20deg_rate": 1.0,
    "joint_within_10cm_10deg_rate": 0.9487179487179487,
    "joint_within_20cm_20deg_rate": 1.0
  },
  "final_stage5": {
    "sample_count_total": 39,
    "solver_success_count": 39,
    "solver_failure_count": 0,
    "solver_success_rate": 1.0,
    "position_coverage_count": 39,
    "position_coverage_rate": 1.0,
    "heading_coverage_count": 39,
    "heading_coverage_rate": 1.0,
    "position_mean_error_m": 0.03913321915819749,
    "position_median_error_m": 0.03452808548728941,
    "position_p90_error_m": 0.0687395980654372,
    "position_p95_error_m": 0.0726332751019018,
    "position_max_error_m": 0.10469923315334077,
    "position_within_5cm_rate": 0.7948717948717948,
    "position_within_10cm_rate": 0.9743589743589743,
    "position_within_20cm_rate": 1.0,
    "heading_mean_abs_error_deg": 1.0928236149188304,
    "heading_median_abs_error_deg": 0.8039545725606558,
    "heading_p90_abs_error_deg": 2.4370202929127913,
    "heading_p95_abs_error_deg": 3.422631108817825,
    "heading_max_abs_error_deg": 4.830367135916958,
    "heading_within_5deg_rate": 1.0,
    "heading_within_10deg_rate": 1.0,
    "heading_within_20deg_rate": 1.0,
    "joint_within_10cm_10deg_rate": 0.9743589743589743,
    "joint_within_20cm_20deg_rate": 1.0
  },
  "rejected_sample_count": 8,
  "total_rejected_observations": 8,
  "accepted_yaw_total": 140,
  "accepted_yaw_keep_total": 115,
  "accepted_yaw_flip_total": 25
}